{"ps": [3, 4, 5, 6, 7, 8, 9, 10, 13, 15, 20, 25, 30, 40, 50, 75, 100], "r": [0.8378652343749999, 0.8818710937500001, 0.90916796875, 0.9132421875, 0.9201542968750002, 0.93040234375, 0.9333886718750002, 0.938529296875, 0.94787109375, 0.952216796875, 0.960625, 0.9664316406250001, 0.96916015625, 0.9750742187500001, 0.978818359375, 0.983708984375, 0.9866132812500001]}