{
  "ibm_boston": {
    "qubits": 100,
    "p_values": [
      3,
      4,
      5,
      6,
      7,
      8,
      9,
      10,
      13,
      15,
      20,
      25,
      30,
      40,
      50,
      75,
      100
    ],
    "r_values": [
      0.7522876923076922,
      0.7992661538461536,
      0.8189569230769229,
      0.8229399999999999,
      0.8306030769230768,
      0.8296199999999997,
      0.8363815384615383,
      0.8408723076923076,
      0.837373846153846,
      0.8363446153846151,
      0.8308307692307692,
      0.8244215384615383,
      0.8179430769230768,
      0.801070769230769,
      0.7855461538461537,
      0.7506092307692306,
      0.7214015384615383
    ],
    "max_r": 0.8408723076923076,
    "optimal_p": 10
  },
  "ibm_marrakesh": {
    "qubits": 100,
    "p_values": [
      3,
      4,
      5,
      6,
      7,
      8,
      9,
      10,
      13,
      15,
      20,
      25,
      30,
      40,
      50,
      75,
      100
    ],
    "r_values": [
      0.7114538461538459,
      0.7483415384615383,
      0.7636153846153845,
      0.7618323076923075,
      0.7707107692307691,
      0.7725692307692306,
      0.7702276923076922,
      0.7634384615384614,
      0.7634984615384613,
      0.7536169230769229,
      0.7482661538461536,
      0.7349246153846152,
      0.7210230769230768,
      0.696813846153846,
      0.6707738461538459,
      0.6284784615384614,
      0.5939138461538459
    ],
    "max_r": 0.7725692307692306,
    "optimal_p": 8
  },
  "ibm_fez": {
    "qubits": 100,
    "p_values": [
      3,
      4,
      5,
      6,
      7,
      8,
      9,
      10,
      13,
      15,
      20,
      25,
      30,
      40,
      50,
      75,
      100
    ],
    "r_values": [
      0.7201876923076922,
      0.7511230769230768,
      0.7731738461538459,
      0.7711784615384614,
      0.7716046153846152,
      0.775313846153846,
      0.776613846153846,
      0.7726046153846151,
      0.7696215384615384,
      0.7674523076923075,
      0.7504276923076921,
      0.7376338461538461,
      0.7192492307692305,
      0.6876399999999998,
      0.6607030769230766,
      0.5989369230769228,
      0.5656030769230768
    ],
    "max_r": 0.776613846153846,
    "optimal_p": 9
  },
  "ibm_brisbane": {
    "qubits": 100,
    "p_values": [
      3,
      4,
      5,
      6,
      7,
      8,
      9,
      10,
      13,
      15,
      20,
      25,
      30,
      40,
      50,
      75,
      100
    ],
    "r_values": [
      0.721436923076923,
      0.7459015384615383,
      0.7560153846153844,
      0.7542492307692306,
      0.7444661538461537,
      0.7428399999999998,
      0.7293830769230768,
      0.7226784615384614,
      0.7009523076923074,
      0.6853707692307691,
      0.6578292307692307,
      0.6282415384615382,
      0.6074692307692305,
      0.5712492307692305,
      0.5468738461538458,
      0.5170923076923073,
      0.5073492307692304
    ],
    "max_r": 0.7560153846153844,
    "optimal_p": 5
  },
  "random_baseline": {
    "mean": 0.5008701070769228,
    "std_3sigma": 0.006635144570664273,
    "lower": 0.49423496250625853,
    "upper": 0.5075052516475871
  },
  "ibm_sherbrooke": {
    "qubits": 100,
    "p_values": [
      3,
      4,
      5,
      6,
      7,
      8,
      9,
      10,
      13,
      15,
      20,
      25,
      30,
      40,
      50,
      75,
      100
    ],
    "r_values": [
      0.7109846153846152,
      0.7091292307692306,
      0.7209246153846152,
      0.7175799999999997,
      0.7128692307692305,
      0.7032323076923075,
      0.6914184615384613,
      0.6865169230769229,
      0.6699246153846152,
      0.653516923076923,
      0.6256184615384615,
      0.6041661538461536,
      0.5875092307692306,
      0.5607153846153844,
      0.5443892307692304,
      0.5158430769230767,
      0.5068199999999997
    ],
    "max_r": 0.7209246153846152,
    "optimal_p": 5
  },
  "ibm_kyiv": {
    "qubits": 100,
    "p_values": [
      3,
      4,
      5,
      6,
      7,
      8,
      9,
      10,
      13,
      15,
      20,
      25,
      30,
      40,
      50,
      75,
      100
    ],
    "r_values": [
      0.6990723076923074,
      0.7232769230769228,
      0.7196446153846151,
      0.7131769230769229,
      0.7075876923076921,
      0.7034969230769229,
      0.7022092307692306,
      0.6921153846153844,
      0.6756292307692304,
      0.667030769230769,
      0.6323999999999999,
      0.6134415384615383,
      0.5922261538461536,
      0.5593707692307689,
      0.5458199999999997,
      0.5190676923076921,
      0.5108538461538458
    ],
    "max_r": 0.7232769230769228,
    "optimal_p": 4
  },
  "ibm_nazca": {
    "qubits": 100,
    "p_values": [
      3,
      4,
      5,
      6,
      7,
      8,
      9,
      10,
      13,
      15,
      20,
      25,
      30,
      40,
      50,
      75,
      100
    ],
    "r_values": [
      0.6660353846153845,
      0.6725230769230767,
      0.6727430769230768,
      0.6675476923076922,
      0.6628461538461536,
      0.6571276923076921,
      0.651393846153846,
      0.6454092307692304,
      0.6297261538461536,
      0.6187061538461536,
      0.6018123076923075,
      0.5813292307692305,
      0.5739599999999998,
      0.5490384615384613,
      0.5380046153846151,
      0.524990769230769,
      0.5164523076923073
    ],
    "max_r": 0.6727430769230768,
    "optimal_p": 5
  },
  "ibm_kyoto": {
    "qubits": 100,
    "p_values": [
      3,
      4,
      5,
      6,
      7,
      8,
      9,
      10,
      13,
      15,
      20,
      25,
      30,
      40,
      50,
      75,
      100
    ],
    "r_values": [
      0.6610415384615382,
      0.6615830769230767,
      0.653413846153846,
      0.6584599999999998,
      0.6555553846153844,
      0.6417599999999998,
      0.6427215384615383,
      0.6390815384615383,
      0.621673846153846,
      0.6082369230769228,
      0.5912230769230767,
      0.5724169230769228,
      0.5617599999999997,
      0.5484892307692305,
      0.5321492307692306,
      0.5168584615384613,
      0.5063646153846151
    ],
    "max_r": 0.6615830769230767,
    "optimal_p": 4
  },
  "ibm_osaka": {
    "qubits": 100,
    "p_values": [
      3,
      4,
      5,
      6,
      7,
      8,
      9,
      10,
      13,
      15,
      20,
      25,
      30,
      40,
      50,
      75,
      100
    ],
    "r_values": [
      0.6524707692307691,
      0.6672523076923075,
      0.6733169230769228,
      0.6707415384615383,
      0.6730769230769228,
      0.6745399999999998,
      0.674390769230769,
      0.6740599999999998,
      0.6435384615384613,
      0.6361123076923075,
      0.6137461538461536,
      0.6024215384615382,
      0.5812138461538459,
      0.5576938461538459,
      0.5425584615384612,
      0.5164923076923074,
      0.5107230769230766
    ],
    "max_r": 0.6745399999999998,
    "optimal_p": 8
  },
  "ibm_brussels": {
    "qubits": 100,
    "p_values": [
      3,
      4,
      5,
      6,
      7,
      8,
      9,
      10,
      13,
      15,
      20,
      25,
      30,
      40,
      50,
      75,
      100
    ],
    "r_values": [
      0.6963569230769229,
      0.7170599999999998,
      0.7191769230769229,
      0.7087107692307691,
      0.7068907692307691,
      0.6992892307692306,
      0.6908984615384615,
      0.6883153846153844,
      0.6705584615384613,
      0.6567923076923075,
      0.626313846153846,
      0.6022369230769228,
      0.590370769230769,
      0.5645846153846151,
      0.5479569230769229,
      0.5274215384615383,
      0.5115707692307689
    ],
    "max_r": 0.7191769230769229,
    "optimal_p": 5
  },
  "ibm_strasbourg": {
    "qubits": 100,
    "p_values": [
      3,
      4,
      5,
      6,
      7,
      8,
      9,
      10,
      13,
      15,
      20,
      25,
      30,
      40,
      50,
      75,
      100
    ],