{
  "ibm_torino-v0": {
    "qubits": 133,
    "p_values": [
      3,
      4,
      5,
      6,
      7,
      8,
      9,
      10,
      13,
      15,
      20,
      25,
      30,
      40,
      50,
      75,
      100
    ],
    "r_values": [
      0.674597200622084,
      0.7117371695178848,
      0.7212115085536546,
      0.724321928460342,
      0.7242954898911352,
      0.717734059097978,
      0.7140046656298599,
      0.7106920684292378,
      0.6910404354587868,
      0.6746625194401243,
      0.642556765163297,
      0.6164572317262829,
      0.5919953343701398,
      0.5622177293934679,
      0.5380793157076202,
      0.511326594090202,
      0.5023343701399687
    ],
    "max_r": 0.724321928460342,
    "optimal_p": 6,
    "has_random": true,
    "random_r": 0.500987558320373
  },
  "ibm_torino-v1": {
    "qubits": 133,
    "p_values": [
      3,
      4,
      5,
      6,
      7,
      8,
      9,
      10,
      13,
      15,
      20,
      25,
      30,
      40,
      50,
      75,
      100
    ],
    "r_values": [
      0.6896031007751936,
      0.7309472868217054,
      0.7458713178294573,
      0.7464046511627905,
      0.7459565891472868,
      0.7455782945736433,
      0.7416697674418604,
      0.7367441860465115,
      0.7254759689922479,
      0.7141193798449612,
      0.6938542635658914,
      0.6676852713178293,
      0.6460837209302324,
      0.6118682170542635,
      0.5849860465116278,
      0.5378480620155037,
      0.5189023255813953
    ],
    "max_r": 0.7464046511627905,
    "optimal_p": 6,
    "has_random": true,
    "random_r": 0.49801085271317813
  },
  "ibm_torino-f": {
    "qubits": 133,
    "p_values": [
      3,
      4,
      5,
      6,
      7,
      8,
      9,
      10,
      13,
      15,
      20,
      25,
      30,
      40,
      50,
      75,
      100
    ],
    "r_values": [
      0.7229426356589145,
      0.7550155038759687,
      0.7521689922480618,
      0.7572418604651161,
      0.7671441860465114,
      0.7645875968992245,
      0.762920930232558,
      0.7638356589147284,
      0.7679410852713174,
      0.7609844961240307,
      0.7459581395348834,
      0.7376558139534882,
      0.7237519379844959,
      0.6972496124031006,
      0.6746868217054262,
      0.6283906976744184,
      0.5917116279069765
    ],
    "max_r": 0.7679410852713174,
    "optimal_p": 13,
    "has_random": true,
    "random_r": 0.4970387596899223
  },
  "ibm_fez": {
    "qubits": 156,
    "p_values": [
      3,
      4,
      5,
      6,
      7,
      8,
      9,
      10,
      13,
      15,
      20,
      25,
      30,
      40,
      50,
      75,
      100
    ],
    "r_values": [
      0.6990966057441255,
      0.7358355091383812,
      0.7490208877284597,
      0.7506031331592691,
      0.7453655352480418,
      0.7427728459530027,
      0.7417806788511752,
      0.7371344647519585,
      0.7199451697127939,
      0.7083067885117494,
      0.6752362924281986,
      0.6494634464751958,
      0.6214530026109661,
      0.5848159268929505,
      0.5576736292428198,
      0.5231357702349869,
      0.5095992167101828
    ],
    "max_r": 0.7506031331592691,
    "optimal_p": 6,
    "has_random": true,
    "random_r": 0.5007258485639685
  },
  "ibm_fez-f": {
    "qubits": 156,
    "p_values": [
      3,
      4,
      5,
      6,
      7,
      8,
      9,
      10,
      13,
      15,
      20,
      25,
      30,
      40,
      50,
      75,
      100
    ],
    "r_values": [
      0.7221874163319947,
      0.7347269076305222,
      0.7486827309236949,
      0.7565100401606426,
      0.7618594377510042,
      0.764516733601071,
      0.7675716198125837,
      0.7713253012048192,
      0.768380187416332,
      0.7596144578313253,
      0.7591298527443106,
      0.7430843373493977,
      0.7264993306559573,
      0.7066720214190095,
      0.680380187416332,
      0.6351686746987952,
      0.5967161981258368
    ],
    "max_r": 0.7713253012048192,
    "optimal_p": 10,
    "has_random": true,
    "random_r": 0.49896251673360115
  },
  "ibm_aachen-f": {
    "qubits": 156,
    "p_values": [
      3,
      4,
      5,
      6,
      7,
      8,
      9,
      10,
      13,
      15,
      20,
      25,
      30,
      40,
      50
    ],
    "r_values": [
      0.7376800535475234,
      0.7599076305220884,
      0.7723788487282464,
      0.7817349397590362,
      0.7869223560910309,
      0.7918447121820616,
      0.7937791164658635,
      0.796809906291834,
      0.8040923694779117,
      0.8055087014725569,
      0.8035394912985274,
      0.7988955823293172,
      0.7919651941097725,
      0.7752811244979919,
      0.7559531459170014
    ],
    "max_r": 0.8055087014725569,
    "optimal_p": 15,
    "has_random": true,
    "random_r": 0.5004979919678716
  },
  "ibm_kingston-f": {
    "qubits": 156,
    "p_values": [
      3,
      4,
      5,
      6,
      7,
      8,
      9,
      10,
      13,
      15,
      20,
      25,
      30,
      40,
      50
    ],
    "r_values": [
      0.7385194109772423,
      0.7593132530120482,
      0.7730348058902275,
      0.7856854082998662,
      0.7908165997322624,
      0.7975100401606425,
      0.7984738955823293,
      0.8053119143239625,
      0.8104805890227578,
      0.8152289156626507,
      0.8133132530120482,
      0.805809906291834,
      0.7990575635876841,
      0.7839330655957162,
      0.766087014725569
    ],
    "max_r": 0.8152289156626507,
    "optimal_p": 15,
    "has_random": true,
    "random_r": 0.5008862115127175
  },
  "ibm_boston-f": {
    "qubits": 156,
    "p_values": [
      3,
      4,
      5,
      6,
      7,
      8,
      9,
      10,
      13,
      15,
      20,
      25,
      30,
      40,
      50,
      75,
      100
    ],
    "r_values": [
      0.7429431818181819,
      0.7710738636363637,
      0.7954147727272727,
      0.8084659090909091,
      0.817125,
      0.8222727272727273,
      0.8276420454545454,
      0.8340227272727273,
      0.8331079545454545,
      0.8329488636363637,
      0.8340170454545455,
      0.8354659090909091,
      0.8319602272727272,
      0.8154659090909091,
      0.803034090909091,
      0.75775,
      0.7256647727272727
    ],
    "max_r": 0.8354659090909091,
    "optimal_p": 25,
    "has_random": true,
    "random_r": 0.5006931818181818
  },
  "iqm_garnet": {
    "qubits": 20,
    "p_values": [
      3,
      4,
      5,
      6,
      7,
      8,
      9,
      10,
      13,
      15,
      20,
      25,
      30,
      40,
      50
    ],
    "r_values": [
      0.644846590909091,
      0.6639772727272729,
      0.6562897727272727,
      0.6484261363636364,
      0.6313636363636365,
      0.6232556818181818,
      0.6209545454545455,
      0.5979943181818183,
      0.5734147727272728,
      0.5616761363636364,
      0.5349147727272728,
      0.5206534090909092,
      0.5105113636363637,
      0.499659090909091,
      0.5039545454545454
    ],
    "max_r": 0.6639772727272729,
    "optimal_p": 4,
    "has_random": true,
    "random_r": 0.49969715909090906
  },
  "iqm_emerald": {
    "qubits": 54,
    "p_values": [
      3,
      4,
      5,
      6,
      7,
      8,
      9,
      10,
      13,
      15,
      20
    ],
    "r_values": [
      0.6485292479108635,
      0.6506434540389973,
      0.6468022284122562,
      0.6385041782729804,
      0.6362228412256267,
      0.6255097493036211,
      0.6101086350974929,
      0.601883008356546,
      0.5798523676880222,
      0.5684958217270194,
      0.5401420612813369
    ],
    "max_r": 0.6506434540389973,
    "optimal_p": 4,
    "has_random": true,
    "random_r": 0.4996629526462395
  },
  "rigetti_ankaa_3": {
    "qubits": 82,
    "p_values": [
      3,
      4,
      5,
      6,
      7,
      8,
      9,
      10,
      13,
      15,
      20,
      25,
      30,
      40
    ],