{"ps": [3, 4, 5, 6, 7, 8, 9, 10, 13, 15, 20, 25, 30, 40, 50, 75, 100], "r": [0.8088579545454546, 0.846096590909091, 0.8762045454545456, 0.8753011363636365, 0.8867670454545455, 0.8944602272727272, 0.900971590909091, 0.905630681818182, 0.9182784090909091, 0.925, 0.9415397727272729, 0.9501136363636365, 0.9620511363636365, 0.9728636363636365, 0.9816136363636364, 0.9903295454545454, 0.9941704545454548]}