{"ps": [3, 4, 5, 6, 7, 8, 9, 10, 13, 15, 20, 25, 30, 40, 50, 75, 100], "r": [0.8103068181818183, 0.8420170454545455, 0.8736704545454547, 0.8742727272727274, 0.8847443181818183, 0.8935170454545455, 0.8994034090909092, 0.9071704545454546, 0.9162670454545456, 0.9265795454545456, 0.9406193181818182, 0.9526874999999999, 0.9593465909090909, 0.972846590909091, 0.9804602272727274, 0.9900284090909091, 0.9946477272727274]}