{"ps": [3, 4, 5, 6, 7, 8, 9, 10, 13, 15, 20, 25, 30, 40, 50, 75, 100], "r": [0.6990966057441255, 0.7358355091383812, 0.7490208877284597, 0.7506031331592691, 0.7453655352480418, 0.7427728459530027, 0.7417806788511752, 0.7371344647519585, 0.7199451697127939, 0.7083067885117494, 0.6752362924281986, 0.6494634464751958, 0.6214530026109661, 0.5848159268929505, 0.5576736292428198, 0.5231357702349869, 0.5095992167101828]}