{"ps": [3, 4, 5, 6, 7, 8, 9, 10, 13, 15, 20, 25, 30, 40, 50, 75, 100], "r": [0.7828661311914324, 0.8146907630522089, 0.8298741633199465, 0.8436720214190094, 0.8465261044176707, 0.8524029451137884, 0.8572101740294511, 0.8644511378848728, 0.8773935742971888, 0.8897630522088352, 0.9114578313253011, 0.9285368139223559, 0.9400066934404284, 0.9553293172690762, 0.9626894243641231, 0.9731378848728246, 0.9790736278447121], "probability": [0.0, 0.0, 0.0, 0.0, 0.0, 0.0, 0.0, 0.0, 0.0, 0.0, 0.0, 0.0, 0.0, 0.0, 0.0, 0.002, 0.012]}